Price,Bedroom,Bathroom,Square feet,Street,City/State
"$1,118,000",1bd,1ba,"1,117 sqft",325 Berry St #602,"Mission Bay, San Francisco, CA"
"$1,750,000",1bd,1ba,"5,630 sqft",1301-1311 40th Ave,"Outer Sunset, San Francisco, CA"
"$808,000",2bd,2ba,"1,500 sqft",95 McCoppin St #E410,"SoMa, San Francisco, CA"
"$1,698,000",2bd,2ba,"1,495 sqft",1770 Pacific Ave #103,"Pacific Heights, San Francisco, CA"
"$2,370,000+",1bd,1ba,595 sqft,201 Folsom St #32C,"South Beach, San Francisco, CA"
"$799,000",2bd,2ba,"1,240 sqft",2000 Ellis St #205,"Anza Vista, San Francisco, CA"
"$1,350,000",2bd,1ba,913 sqft,401 Harrison St #7F,"South Beach, San Francisco, CA"
Contact For Estimate,2bd,2ba,923 sqft,85 Ora Way #E302,"Diamond Heights, San Francisco, CA"
"$995,000+",5bd,4ba,"2,176 sqft",203 Plan in La Maison Soma,"SoMa, San Francisco, CA"
"$995,000",2bd,2ba,"2,630 sqft",1632 Pacheco St,"Central Sunset, San Francisco, CA"
"$998,000",1bd,1ba,"1,490 sqft",3049-3051 Clement St,"Central Richmond, San Francisco, CA"
"$1,088,000",1bd,2ba,519 sqft,49 Missouri St #6,"Potrero Hill, San Francisco, CA"
"$270,000",1bd,2ba,519 sqft,1450 Post St #1005,"Lower Pacific Heights, San Francisco, CA"
"$275,000",3bd,3ba,724 sqft,1450 Post St #305,"Lower Pacific Heights, San Francisco, CA"
"$419,000",3bd,2ba,"1,360 sqft",1450 Post St #801,"Lower Pacific Heights, San Francisco, CA"
"$550,000",1bd,2ba,"1,050 sqft",122 Dolphin Ct,"Hunters Point, San Francisco, CA"
"$599,000",2bd,1ba,891 sqft, Address Not Disclosed,"Lower Pacific Heights, San Francisco, CA"
"$1,249,000",1bd,1ba,535 sqft,113 Hoffman Ave,"Noe Valley, San Francisco, CA"
"$588,000",1bd,1ba,678 sqft,1812 Silver Ave,"Silver Terrace, San Francisco, CA"
"$329,448",3bd,2ba,"1,334 sqft",888 7th St #234,"Potrero Hill, San Francisco, CA"
"$700,000",3bd,3ba,"1,575 sqft",301 Mission St #11D,"South Beach, San Francisco, CA"
"$1,395,000",2bd,2ba,"1,530 sqft",650 Chestnut St #402,"North Beach, San Francisco, CA"
"$368,638",3bd,4ba,"1,882 sqft",106 W Crystal Cove Ter,"Bayview, San Francisco, CA"
"$1,650,000",2bd,2ba,896 sqft,Address Not Disclosed,"Presidio Heights, San Francisco, CA"
"$5,630,000+",3bd,4ba,"4,000 sqft",181 Fremont St #63A,"South Beach, San Francisco, CA"
"$403,360",9bd,2ba,"5,265 sqft",330 Berry St #225,"Mission Bay, San Francisco, CA"
"$7,250,000",3bd,2ba,"1,860 sqft",1742 Jones St,"Russian Hill, San Francisco, CA"
"$3,495,000",3bd,2ba,930 sqft,1720 Golden Gate Ave,"Northern Park, San Francisco, CA"
"$1,725,000",3bd,1ba,"1,408 sqft",2831-2833 Webster St #5,"Cow Hollow, San Francisco, CA"
"$1,149,000",3bd,2ba,"1,087 sqft",177 Forest View Dr,"Merced Manor, San Francisco, CA"
"$619,000",2bd,7ba,"7,195 sqft",325 Teddy Ave,"Visitacion Valley, San Francisco, CA"
"$1,098,000",7bd,2ba,"1,433 sqft",101 Darien Way,"Balboa Terrace, San Francisco, CA"
"$849,000",3bd,3ba,"3,144 sqft",272 Saint Charles Ave,"Ingleside Heights, San Francisco, CA"
"$4,995,000",4bd,4ba,"2,875 sqft",1848-1850 GREEN ST,"Marina, SAN FRANCISCO, CA"
"$1,600,000",4bd,1ba,"3,064 sqft",400 Beale St #814,"South Beach, San Francisco, CA"
"$1,295,000",2bd,2ba,"3,106 sqft",2930-2934 21st St,"Mission, San Francisco, CA"
"$749,950",3bd,2ba,"1,519 sqft",1438 Van Dyke Ave,"Bayview, San Francisco, CA"
"$2,995,000",2bd,1ba,"1,096 sqft",564 Valley St,"Noe Valley, San Francisco, CA"
"$1,495,000",2bd,5ba,"1,364 sqft",666-668 S Van Ness Ave,"Mission, San Francisco, CA"
"$1,250,000",5bd,2ba,"106,704 sqft",220 Lombard St #216,"Fisherman's Wharf, San Francisco, CA"
"$995,000",2bd,1ba,"3,915 sqft",66 Cleary Ct #106,"Western Addition, San Francisco, CA"
"$1,299,000",2bd,2ba,"3,067 sqft",325 Berry St #416,"Mission Bay, San Francisco, CA"
"$10,750,000",2bd,3ba,"5,463 sqft",495 Cambridge St,"Portola, San Francisco, CA"
"$1,549,000",3bd,2ba,"1,350 sqft",3552-3558 20th St,"Mission, San Francisco, CA"
"$1,495,000",3bd,2ba,"4,163 sqft",415 14th Ave,"Central Richmond, San Francisco, CA"
"$2,199,000",2bd,2ba,"5,710 sqft",1739-1743 Larkin St,"Nob Hill, San Francisco, CA"
"$799,000",2bd,2ba,"1,118 sqft",2436 Alemany Blvd,"Outer Mission, San Francisco, CA"
"$1,800,000",2bd,1ba,800 sqft,65-69 Woodward St,"Mission, San Francisco, CA"
"$9,750,000",3bd,2ba,"1,946 sqft",2636 Union St,"Cow Hollow, San Francisco, CA"
"$1,300,000",3bd,1ba,"5,000 sqft",2230 Mason St #M301,"North Beach, San Francisco, CA"
"$599,000",1bd,1ba,"6,938 sqft",338 Teddy Ave,"Visitacion Valley, San Francisco, CA"
"$1,950,000",1bd,2ba,"9,500 sqft",405 Laurel St,"Presidio Heights, San Francisco, CA"
"$1,939,000",4bd,2ba,"8,166 sqft",1963 Clay St,"Pacific Heights, San Francisco, CA"
"$1,688,000",1bd,2ba,"12,150 sqft",1322-1324 20th Ave,"Central Sunset, San Francisco, CA"
"$3,295,000",3bd,1ba,"11,800 sqft",794-796 Hayes St,"Alamo Square, San Francisco, CA"
"$4,500,000",1bd,2ba,"4,170 sqft",220-224 6th St,"SoMa, San Francisco, CA"
"$3,195,000",4bd,1ba,"1,920 sqft",3300 Mission St #3308,"Mission, San Francisco, CA"
"$4,650,000",1bd,2ba,"1,634 sqft",349-357 Pierce St,"Hayes Valley, San Francisco, CA"
"$4,725,000",4bd,1ba,"2,555 sqft",370 Ellis St,"Tenderloin, San Francisco, CA"
"$1,750,000",2bd,1ba,"23,200 sqft",2485-2489 Folsom St,"Mission, San Francisco, CA"
"$1,425,000",1bd,2ba,"1,365 sqft",1500 Plymouth Ave,"Westwood Park, San Francisco, CA"
"$888,000",2bd,2ba,"1,950 sqft",2087 46th Ave,"Outer Sunset, San Francisco, CA"
"$1,298,000",2bd,2ba,"1,780 sqft",1367-1369 Natoma St,"Mission, San Francisco, CA"
"$12,500,000",2bd,1ba,"1,718 sqft",662-668 Clay St,"Financial District, San Francisco, CA"
"$1,095,000",2bd,2ba,"1,250 sqft",1338 Vermont St,"Potrero Hill, San Francisco, CA"
"$1,159,583",3bd,2ba,"10,494 sqft",4330 20th St #32,"Castro, San Francisco, CA"
"$985,000",3bd,1ba,550 sqft,730 38th Ave,"Outer Richmond, San Francisco, CA"
"$950,000",3bd,1ba,"9,975 sqft",17 Pearl St,"Mission Dolores, San Francisco, CA"
"$1,050,000",2bd,1ba,599 sqft,90 Apollo St,"Silver Terrace, San Francisco, CA"
"$4,600,000",2bd,1ba,"1,657 sqft",3201 Mission St #3207,"Bernal Heights, San Francisco, CA"
"$470,000",3bd,1ba,"4,318 sqft",1305 Laguna St #1,"Western Addition, San Francisco, CA"
"$4,928,000",4bd,4ba,"1,231 sqft",536-560 Irving St,"Inner Sunset, San Francisco, CA"
"$629,000",2bd,1ba,"1,870 sqft",1081 14th St #A,"Buena Vista Park and Dolores Park, San Francisco, CA"
"$999,999",4bd,2ba,418 sqft,55 Stoneybrook Ave,"Excelsior, San Francisco, CA"
"$1,590,000",2bd,1ba,"2,999 sqft",627-629 Jackson St,"Chinatown, San Francisco, CA"
"$799,000",5bd,2ba,"3,878 sqft",2030 3rd St #3,"Central Waterfront, San Francisco, CA"
"$1,850,000",2bd,1ba,"14,188 sqft",4312 23rd St,"Noe Valley, San Francisco, CA"
"$415,827",3bd,2ba,"1,870 sqft",776 Tehama St #9,"SoMa, San Francisco, CA"
"$2,600,000",5bd,2ba,784 sqft,3130-3134 Steiner St,"Cow Hollow, San Francisco, CA"
"$1,700,000",3bd,2ba,"2,075 sqft",514-516 41st Ave,"Outer Richmond, San Francisco, CA"
"$7,400,000",2bd,1ba,"1,644 sqft",3852-3862 California St,"Presidio Heights, San Francisco, CA"
"$1,795,000",2bd,1ba,634 sqft,1474 6th Ave,"Inner Sunset, San Francisco, CA"
"$759,000",1bd,1ba,946 sqft,317 29th St #209,"Noe Valley, San Francisco, CA"
"$1,195,000",2bd,2ba,"3,174 sqft",2631 35th Ave,"Central Sunset, San Francisco, CA"
"$995,000",1bd,1ba,"3,603 sqft",1347 27th Ave,"Central Sunset, San Francisco, CA"
"$795,000+",2bd,1ba,831 sqft,1300 22nd St #109,"Potrero Hill, San Francisco, CA"
"$950,000",2bd,1ba,"2,200 sqft",3010 Franklin St #5,"Marina, San Francisco, CA"
"$1,688,000",1bd,2ba,"1,325 sqft",535-537 Fell St,"Hayes Valley, San Francisco, CA"
"$1,795,000",6bd,3ba,"1,385 sqft",1691-1699 47th Ave,"Outer Sunset, San Francisco, CA"
"$1,059,000+",1bd,1ba,"1,730 sqft",338 Potrero Ave #608,"Potrero Hill, San Francisco, CA"
"$1,280,000",4bd,2ba,"1,107 sqft",547 36th Ave,"Outer Richmond, San Francisco, CA"
"$1,490,000+",3bd,2ba,"1,218 sqft",Residence 05 Plan in 1450 Franklin,"Civic Center, San Francisco, CA"
"$895,000",2bd,2ba,"1,041 sqft",50 Hearst Ave,"Sunnyside, San Francisco, CA"
"$1,950,000",2bd,1ba,"1,032 sqft",300 Beale St #613,"South Beach, San Francisco, CA"
"$899,000",6bd,2ba,"2,000 sqft",1070 Post St #2,"Civic Center, San Francisco, CA"
"$688,000",1bd,3ba,"1,130 sqft",1666 45th Ave,"Outer Sunset, San Francisco, CA"
"$949,000",2bd,1ba,"1,824 sqft",146 Beulah St,"Haight, San Francisco, CA"
"$1,275,000",3bd,2ba,"1,330 sqft",318 Arguello Blvd #2,"Laurel Heights, San Francisco, CA"
"$625,000",3bd,1ba,"1,880 sqft",1925 Leavenworth St #10,"Russian Hill, San Francisco, CA"
"$699,000",2bd,1ba,835 sqft,1767 43rd Ave,"Outer Sunset, San Francisco, CA"
"$968,000",1bd,2ba,"3,350 sqft",2007 28th Ave,"Central Sunset, San Francisco, CA"
"$799,000",3bd,1ba,"2,100 sqft",730 Gates St,"Bernal Heights, San Francisco, CA"
"$795,000",3bd,1ba,"2,217 sqft",60 De Long St,"Outer Mission, San Francisco, CA"
"$975,000",2bd,2ba,"1,915 sqft",4151 23rd St,"Noe Valley, San Francisco, CA"
"$799,000",3bd,2ba,"1,210 sqft",243 Farallones St,"Oceanview, San Francisco, CA"
"$585,000",3bd,1ba,840 sqft,1461 Revere Ave,"Bayview, San Francisco, CA"
"$1,695,000",3bd,2ba,657 sqft,695 Castro St,"Castro, San Francisco, CA"
"$899,000",3bd,1ba,"1,416 sqft",238 Thrift St,"Ingleside, San Francisco, CA"
"$1,295,000",5bd,1ba,860 sqft,715 Mangels Ave,"Westwood Highlands, San Francisco, CA"
"$998,000",2bd,2ba,"1,070 sqft",2462 24th Ave,"Central Sunset, San Francisco, CA"
"$888,000",2bd,4ba,"1,050 sqft",1906 Sloat Blvd,"Outer Sunset, San Francisco, CA"
"$580,000",3bd,5ba,840 sqft,10 Inca Ln #1,"Western Addition, San Francisco, CA"
"$750,000",3bd,1ba,"3,612 sqft",201 Harrison St #1126,"South Beach, San Francisco, CA"
"$1,275,000",5bd,2ba,675 sqft,1776 Sacramento St #311,"Nob Hill, San Francisco, CA"
"$798,000",3bd,2ba,"2,959 sqft",1551 Filbert St #4,"Cow Hollow, San Francisco, CA"
"$875,000",1bd,3ba,"1,744 sqft",4153 23rd St,"Noe Valley, San Francisco, CA"
"$998,000",2bd,4ba,"5,118 sqft",1030 Ortega St,"Inner Sunset, San Francisco, CA"
"$1,350,000",4bd,2ba,"1,300 sqft",121 Lower Ter,"Buena Vista Park and Dolores Park, San Francisco, CA"
"$2,595,000",6bd,2ba,"1,550 sqft",1320 Chestnut St,"Marina, San Francisco, CA"
"$528,000",4bd,2ba,"4,376 sqft",77 7th Ave #E,"Lake Street, San Francisco, CA"
"$1,395,000",1bd,3ba,481 sqft,2133 Balboa St,"Central Richmond, San Francisco, CA"
"$1,495,000",2bd,6ba,"1,595 sqft",344 3rd Ave,"Inner Richmond, San Francisco, CA"
"$1,649,000",2bd,5ba,"2,655 sqft",1402 Kearny St,"Telegraph Hill, San Francisco, CA"
"$1,199,000",10bd,2ba,"2,200 sqft",2101 Baker St #10,"Pacific Heights, San Francisco, CA"
"$650,000",2bd,2ba,"1,356 sqft",1731 Palou Ave,"Silver Terrace, San Francisco, CA"
"$1,700,000",2bd,2ba,"1,213 sqft",522 Steiner St,"Hayes Valley, San Francisco, CA"
"$525,000",3bd,4ba,"1,435 sqft",240 Lombard St #233,"Fisherman's Wharf, San Francisco, CA"
"$1,749,000",4bd,3ba,"1,162 sqft",64 Cervantes Blvd,"Marina, San Francisco, CA"
"$1,250,000",2bd,2ba,"1,000 sqft",2418 17th Ave,"Inner Parkside, San Francisco, CA"
"$599,000",2bd,3ba,661 sqft,451 Kansas St #352,"Potrero Hill, San Francisco, CA"
"$1,280,000",3bd,3ba,"1,474 sqft",547-549 36th Ave,"Outer Richmond, San Francisco, CA"
"$1,099,000",2bd,1ba,744 sqft,655 5th St #19,"Mission Bay, San Francisco, CA"
"$1,249,000",3bd,1ba,"1,595 sqft",567 Page St,"Hayes Valley, San Francisco, CA"
"$1,090,000",2bd,2ba,"1,180 sqft",814 31st Ave,"Central Richmond, San Francisco, CA"
"$788,800",4bd,3ba,410 sqft,566 Mangels Ave,"Sunnyside, San Francisco, CA"
"$799,000",3bd,2ba,"2,471 sqft",338 Faxon Ave,"Ingleside, San Francisco, CA"
"$695,000",2bd,1ba,"3,073 sqft",532 Arlington St,"Glen Park, San Francisco, CA"
"$750,000",3bd,3ba,"4,125 sqft",109 S Lake Merced Hls #1F,"San Francisco, CA"
"$1,149,000",2bd,2ba,995 sqft,474 Melrose Ave,"Westwood Highlands, San Francisco, CA"
"$628,888",2bd,3ba,"1,566 sqft",8 Keystone Way #2A,"Mount Davidson Manor, San Francisco, CA"
"$698,000",5bd,2ba,862 sqft,88 Garnett Ter,"Bayview, San Francisco, CA"
"$799,000",1bd,2ba,"1,639 sqft",39 Faxon Ave,"Oceanview, San Francisco, CA"
"$499,000",3bd,2ba,"1,725 sqft",201 Harrison St #807,"South Beach, San Francisco, CA"
"$1,950,000",5bd,4ba,"1,271 sqft",141 Stonecrest Dr,"San Francisco State University, San Francisco, CA"
"$12,950,000+",3bd,2ba,916 sqft,2121 Webster St #5,"Pacific Heights, San Francisco, CA"
"$5,650,000",2bd,2ba,"1,530 sqft",850 Steiner St,"Alamo Square, San Francisco, CA"
"$779,000",3bd,6ba,"1,950 sqft",164 Howth St,"Ingleside, San Francisco, CA"
"$828,000",6bd,2ba,"2,960 sqft",610 Holloway Ave,"Ingleside, San Francisco, CA"
"$799,000",2bd,2ba,"2,393 sqft",54 Stoneybrook Ave,"Excelsior, San Francisco, CA"
"$969,399+",3bd,1ba,773 sqft,Plan 3B in The Village at Garden Valley,"Downtown, San Francisco, CA"
"$1,069,000",3bd,2ba,788 sqft,1262 41st Ave,"Outer Sunset, San Francisco, CA"
"$1,189,000",5bd,2ba,"1,096 sqft",166 Putnam St,"Bernal Heights, San Francisco, CA"
"$1,300,000",3bd,6ba,"4,660 sqft",333 Beale St #C3C,"South Beach, San Francisco, CA"
"$1,750,000",1bd,1ba,"1,335 sqft",Address Not Disclosed,"Presidio Heights, San Francisco, CA"
"$870,000",2bd,2ba,"2,635 sqft",26 Sparta St,"Visitacion Valley, San Francisco, CA"
"$1,995,000",2bd,1ba,"1,888 sqft",1475-1477 Jackson St,"Nob Hill, San Francisco, CA"
"$1,688,000",4bd,2ba,"1,275 sqft",1986 18th Ave,"Inner Parkside, San Francisco, CA"
"$799,000",2bd,2ba,"1,087 sqft",88 Guy Pl #204,"South Beach, San Francisco, CA"
"$899,000",3bd,2ba,"1,351 sqft",557 Fillmore St #4,"Hayes Valley, San Francisco, CA"
"$799,000",4bd,2ba,"1,554 sqft",1786 43rd Ave,"Outer Sunset, San Francisco, CA"
"$1,295,000",2bd,1ba,"1,352 sqft",2677 Harrison St,"Mission, San Francisco, CA"
"$2,395,000",4bd,1ba,960 sqft,985 Greenwich St,"Russian Hill, San Francisco, CA"
"$861,216+",5bd,2ba,816 sqft,Plan 2A in The Village at Garden Valley,"Downtown, San Francisco, CA"
"$850,000",3bd,2ba,"2,900 sqft",184 Marietta Dr,"Miraloma, San Francisco, CA"
"$3,100,000",4bd,2ba,"1,820 sqft",2255 Clay St,"Pacific Heights, San Francisco, CA"
"$899,000",1bd,3ba,"1,275 sqft",151 Lobos St,"Oceanview, San Francisco, CA"
"$749,000",2bd,2ba,"1,622 sqft",31 Grafton Ave,"Ingleside, San Francisco, CA"
"$749,000",4bd,3ba,"1,410 sqft",194 Gaven St,"Portola, San Francisco, CA"
"$1,995,000",2bd,2ba,"1,620 sqft",4030 22nd St,"Noe Valley, San Francisco, CA"
"$1,350,000",2bd,5ba,"2,966 sqft",1776 Sacramento St #409,"Nob Hill, San Francisco, CA"
"$1,295,000",3bd,4ba,"1,110 sqft",491 Ulloa St,"Forest Hill Extension, San Francisco, CA"
"$795,000",3bd,4ba,"1,700 sqft",501 Crescent Ave,"Bernal Heights, San Francisco, CA"
"$695,000",3bd,1ba,"3,905 sqft",1862 Ellis St #C,"Western Addition, San Francisco, CA"
"$2,950,000",2bd,2ba,"6,837 sqft",249 Page St,"Hayes Valley, San Francisco, CA"
"$2,995,000",2bd,4ba,"1,775 sqft",3225 24th St,"Mission, San Francisco, CA"
"$969,000",3bd,1ba,"2,525 sqft",4616 Irving St,"Outer Sunset, San Francisco, CA"
"$1,149,000",2bd,2ba,488 sqft,638 Minna St #8,"SoMa, San Francisco, CA"
"$1,295,000",1bd,3ba,945 sqft,101 Franconia St,"Bernal Heights, San Francisco, CA"
"$1,095,000",1bd,2ba,"1,912 sqft",2555 Diamond St,"Glen Park, San Francisco, CA"
"$1,395,000",2bd,2ba,"5,420 sqft",1960 Hayes St #1,"Northern Park, San Francisco, CA"
"$1,998,000",1bd,2ba,"1,087 sqft",867 Foerster St,"Miraloma, San Francisco, CA"
"$1,550,000",1bd,2ba,"1,750 sqft",450 Hayes St #1E,"Hayes Valley, San Francisco, CA"
"$1,650,000",1bd,2ba,"1,875 sqft",1940 Sacramento St #6,"Pacific Heights, San Francisco, CA"
"$3,500,000",2bd,2ba,"1,950 sqft",836 Bay St,"Russian Hill, San Francisco, CA"
"$3,375,000",2bd,1ba,"2,032 sqft",1710 Larkin St,"Nob Hill, San Francisco, CA"
"$1,095,000",1bd,2ba,"1,795 sqft",1351 32nd Ave,"Central Sunset, San Francisco, CA"
Contact For Estimate,2bd,1ba,"1,501 sqft",1145 Phelps St,"Bayview, San Francisco, CA"
"$549,000",1bd,1ba,"1,421 sqft",1883 Vallejo St #6,"Pacific Heights, San Francisco, CA"
"$995,000",5bd,1ba,"1,320 sqft",2476 Diamond St,"Glen Park, San Francisco, CA"
"$1,220,000+",3bd,1ba,"1,976 sqft",1300 22nd St #302,"Potrero Hill, San Francisco, CA"
"$1,598,000",1bd,2ba,"1,253 sqft",2654 17th Ave,"Inner Parkside, San Francisco, CA"
"$8,995,000",1bd,1ba,"1,200 sqft",465 Marina Blvd,"Marina, San Francisco, CA"
"$799,999",2bd,1ba,"1,755 sqft",91 Lobos St,"Oceanview, San Francisco, CA"
"$1,195,000",2bd,1ba,834 sqft,150 Hearst Ave,"Sunnyside, San Francisco, CA"
"$1,100,000",3bd,1ba,"2,255 sqft",2089 Ingalls St #1,"Bayview, San Francisco, CA"
"$1,998,000",4bd,3ba,"1,875 sqft",108 Palm Ave,"Laurel Heights, San Francisco, CA"
"$838,888",3bd,3ba,"10,638 sqft",1573 Quesada Ave,"Bayview, San Francisco, CA"
"$1,998,000",6bd,1ba,"14,150 sqft",4177 Cesar Chavez St,"Noe Valley, San Francisco, CA"
"$1,485,000",3bd,1ba,"4,540 sqft",2090 Pacific Ave #702,"Pacific Heights, San Francisco, CA"
"$1,249,000",1bd,1ba,"3,082 sqft",1829 8th Ave,"Inner Sunset, San Francisco, CA"
"$1,098,000",2bd,2ba,"4,418 sqft",139 Henry St,"Duboce Triangle, San Francisco, CA"
"$1,595,000",3bd,2ba,"1,723 sqft",911 Central Ave,"Northern Park, San Francisco, CA"
"$859,000",3bd,3ba,707 sqft,114 Congo St,"Sunnyside, San Francisco, CA"
"$1,099,000",1bd,3ba,"1,367 sqft",66 Cleary Ct #1208,"Western Addition, San Francisco, CA"
"$1,295,000",2bd,3ba,"5,936 sqft",828 42nd Ave,"Outer Richmond, San Francisco, CA"
"$1,095,000+",2bd,6ba,"2,045 sqft",1300 22nd St #200,"Potrero Hill, San Francisco, CA"
"$1,799,000",2bd,2ba,"2,880 sqft",514 Shrader St #16,"Haight, San Francisco, CA"
"$999,000",2bd,2ba,"1,235 sqft",2089 Ingalls St #3,"Bayview, San Francisco, CA"
"$5,992,000",2bd,3ba,"1,484 sqft",1051 Post St,"Civic Center, San Francisco, CA"
"$7,950,000",4bd,2ba,"1,050 sqft",3280 17th St,"Mission, San Francisco, CA"
"$4,495,000",3bd,2ba,"1,264 sqft",2334 Pine St,"Lower Pacific Heights, San Francisco, CA"
"$3,199,000",3bd,1ba,"1,185 sqft",175 Ripley St,"Bernal Heights, San Francisco, CA"
"$2,800,000",4bd,1ba,"1,312 sqft",3749 Clement St,"Outer Richmond, San Francisco, CA"
"$1,199,000",2bd,1ba,"1,559 sqft",321 Judah St,"Inner Sunset, San Francisco, CA"
"$957,000",2bd,1ba,"1,130 sqft",401 Harrison St #13E,"South Beach, San Francisco, CA"
"$1,775,000+",2bd,2ba,1 sqft,201 Folsom St #17E,"South Beach, San Francisco, CA"
"$2,950,000",1bd,2ba,742 sqft,726 Fillmore St,"Alamo Square, San Francisco, CA"
"$1,288,000",1bd,3ba,905 sqft,2023 43rd Ave,"Outer Sunset, San Francisco, CA"
"$1,989,000",1bd,3ba,611 sqft,1294-1298 Guerrero St,"Noe Valley, San Francisco, CA"
"$875,000",2bd,4ba,551 sqft,302 Coleridge St,"Bernal Heights, San Francisco, CA"
"$1,698,000",2bd,4ba,670 sqft,16 Jessie St #303,"South Beach, San Francisco, CA"
"$1,699,000",3bd,2ba,"1,350 sqft",214 Twin Peaks Blvd,"Buena Vista Park and Dolores Park, San Francisco, CA"
"$789,000",1bd,3ba,800 sqft,1522 Thomas Ave,"Bayview, San Francisco, CA"
"$1,295,000",4bd,2ba,659 sqft,150 Lexington St #1,"Mission Dolores, San Francisco, CA"
"$1,295,000",2bd,1ba,850 sqft,1404 Noe St,"Noe Valley, San Francisco, CA"
"$998,000",3bd,2ba,530 sqft,1932 Ortega St,"Central Sunset, San Francisco, CA"
"$1,288,000",3bd,1ba,"2,030 sqft",2402 Balboa St,"Central Richmond, San Francisco, CA"
"$1,199,000",2bd,2ba,586 sqft,1828 Page St,"Panhandle, San Francisco, CA"
"$1,049,000",3bd,1ba,435 sqft,340 Ritch St #5,"Mission Bay, San Francisco, CA"
"$869,000",4bd,3ba,787 sqft,855 Folsom St #341,"SoMa, San Francisco, CA"
"$985,000",3bd,2ba,900 sqft,832 Alabama St #B,"Mission, San Francisco, CA"
"$580,000+",5bd,3ba,"1,650 sqft",50 Jerrold Ave. Unit #308 Plan in The San Francisco Shipyard : Alma and Engel,"Hunters Point, San Francisco, CA"
"$769,000+",7bd,2ba,"1,554 sqft",505 Plan in La Maison Soma,"SoMa, San Francisco, CA"
"$635,000+",3bd,1ba,"2,220 sqft",51 Innes Ct. #303 Plan in The San Francisco Shipyard : Monarch,"Hunters Point, San Francisco, CA"
"$1,140,000",4bd,1ba,"4,572 sqft",2450 30th Ave,"Central Sunset, San Francisco, CA"
"$729,000",3bd,1ba,"2,480 sqft",1979 35th Ave,"Central Sunset, San Francisco, CA"
"$813,000+",4bd,4ba,"3,647 sqft",338 Potrero Ave #507,"Potrero Hill, San Francisco, CA"
"$825,000",2bd,4ba,"2,070 sqft",94 W View Ave,"Portola, San Francisco, CA"
"$675,000",3bd,4ba,"2,422 sqft",991 14th St,"Duboce Triangle, San Francisco, CA"
"$1,799,000",2bd,2ba,"4,150 sqft",128 Woodland Ave,"Forest Knolls, San Francisco, CA"
"$1,288,000",4bd,7ba,"2,639 sqft",2226 29th Ave,"Central Sunset, San Francisco, CA"
"$635,000",2bd,3ba,"2,100 sqft",240 Lombard St #526,"Fisherman's Wharf, San Francisco, CA"
"$559,000",3bd,3ba,"6,650 sqft",570 Sanchez St,"Castro, San Francisco, CA"
"$850,000",3bd,1ba,"16,140 sqft",250 King St #908,"Mission Bay, San Francisco, CA"
"$1,150,000",3bd,4ba,928 sqft,219 Brannan St #1B,"South Beach, San Francisco, CA"
"$1,050,000",2bd,2ba,"1,361 sqft",1851 35th Ave,"Central Sunset, San Francisco, CA"
"$699,000",4bd,3ba,"1,663 sqft",11 Garnett Ter,"Bayview, San Francisco, CA"
"$1,295,000",5bd,1ba,"3,350 sqft",90 Dellbrook Ave,"Midtown Terrace, San Francisco, CA"
"$1,395,000",5bd,3ba,"1,700 sqft",1665 17th Ave,"Inner Sunset, San Francisco, CA"
"$2,250,000",6bd,1ba,"4,565 sqft",829-831 Oak St,"Hayes Valley, San Francisco, CA"
"$1,960,000",3bd,4ba,806 sqft,226-228 18th Ave,"Central Richmond, San Francisco, CA"
"$3,795,000",3bd,1ba,700 sqft,1785-1787 Broadway,"Pacific Heights, San Francisco, CA"
"$1,050,000",5bd,3ba,"1,003 sqft",3839-3841 Judah St,"Outer Sunset, San Francisco, CA"
"$1,550,000",2bd,3ba,"1,175 sqft",31 Emerson St #31A,"Laurel Heights, San Francisco, CA"
"$3,800,000",6bd,5ba,"1,590 sqft",2901-2903 Baker St,"Cow Hollow, San Francisco, CA"
"$899,000",6bd,4ba,"2,874 sqft",470 Athens St,"Excelsior, San Francisco, CA"
"$1,800,000",5bd,5ba,"3,060 sqft",41-43 Miguel St,"Glen Park, San Francisco, CA"
"$1,025,000",3bd,4ba,"2,900 sqft",339-341 Paris St,"Excelsior, San Francisco, CA"
"$4,950,000",4bd,3ba,"2,400 sqft",115 Sanchez St #117,"Duboce Triangle, San Francisco, CA"
"$10,750,000",2bd,1ba,"1,220 sqft",501-509 Haight St,"Hayes Valley, San Francisco, CA"
"$750,000",3bd,4ba,"3,705 sqft",900 Bush St #521,"Downtown, San Francisco, CA"
"$1,179,000",2bd,2ba,"1,866 sqft",175 Russ St #12,"SoMa, San Francisco, CA"
"$899,000",1bd,4ba,"1,950 sqft",2625 Judah St #1,"Central Sunset, San Francisco, CA"
"$1,799,000",2bd,2ba,"2,900 sqft",654-656 33rd Ave,"Outer Richmond, San Francisco, CA"
"$1,298,000",3bd,3ba,"2,075 sqft",393 30th Ave,"Central Richmond, San Francisco, CA"
"$2,995,000",3bd,1ba,"2,032 sqft",1227-1231 San Bruno Ave,"Potrero Hill, San Francisco, CA"
"$985,000",3bd,2ba,"2,172 sqft",201 Sansome St #604,"Downtown, San Francisco, CA"
"$799,000",1bd,2ba,"2,386 sqft",167 Vienna St,"Excelsior, San Francisco, CA"
"$1,195,000",2bd,2ba,"1,258 sqft",1101 Green St #303,"Russian Hill, San Francisco, CA"
"$1,199,000",2bd,1ba,"1,393 sqft",14 Montezuma St,"Bernal Heights, San Francisco, CA"
"$748,000",1bd,1ba,832 sqft,1535 Van Dyke Ave,"Bayview, San Francisco, CA"
"$1,750,000",2bd,2ba,672 sqft,1529-1533 Mason St,"Russian Hill, San Francisco, CA"
"$3,400,000",2bd,4ba,816 sqft,3938-3940 Washington St,"Presidio Heights, San Francisco, CA"
"$1,880,000",4bd,2ba,853 sqft,700-702 7th Ave,"Inner Richmond, San Francisco, CA"
"$1,850,000",4bd,3ba,"1,187 sqft",4151-4153 23rd St,"Noe Valley, San Francisco, CA"
"$1,495,000",2bd,1ba,883 sqft,219 Brannan St #3A,"South Beach, San Francisco, CA"
"$5,800,000",2bd,1ba,"1,991 sqft",949-953 Lombard St,"Russian Hill, San Francisco, CA"
"$1,374,747",4bd,2ba,"1,200 sqft",21 Lakeshore Dr,"Stonestown, San Francisco, CA"
"$995,000",2bd,1ba,"2,100 sqft",1459-1461 Thomas Ave,"Bayview, San Francisco, CA"
"$1,950,000",5bd,1ba,"1,380 sqft",1072-1074 Filbert St,"Russian Hill, San Francisco, CA"
"$1,750,000",3bd,1ba,"1,300 sqft",533 7th Ave,"Inner Richmond, San Francisco, CA"
"$1,740,000",3bd,2ba,864 sqft,114 Russ St #A,"SoMa, San Francisco, CA"
"$2,100,000",3bd,4ba,"3,200 sqft",617 B-B.5 Broderick St,"Haight, San Francisco, CA"
"$1,300,000",6bd,3ba,"4,392 sqft",721-725 Randolph St,"Ingleside Heights, San Francisco, CA"
"$849,000",2bd,2ba,"3,000 sqft",217 Lowell St,"Crocker Amazon, San Francisco, CA"
"$1,495,000",2bd,2ba,"4,772 sqft",3977 19th St,"Castro, San Francisco, CA"
"$1,199,000",2bd,3ba,"10,313 sqft",1921 Jefferson St #101,"Marina, San Francisco, CA"
"$749,000",6bd,2ba,"2,370 sqft",350 Broderick St #402,"Panhandle, San Francisco, CA"
"$988,000",2bd,5ba,"3,090 sqft",4566 18th St,"Castro, San Francisco, CA"
"$1,215,000+",2bd,3ba,"1,820 sqft",201 Folsom St #20H,"South Beach, San Francisco, CA"
"$1,700,000+",2bd,4ba,"2,633 sqft",201 Folsom St #18B,"South Beach, San Francisco, CA"
"$1,125,000+",3bd,2ba,"1,275 sqft",1300 22nd St #421,"Potrero Hill, San Francisco, CA"
"$1,550,000",2bd,5ba,"1,000 sqft",291 Topaz Way,"Diamond Heights, San Francisco, CA"
"$899,000",3bd,1ba,"7,840 sqft",2780 19th Ave #71,"Central Sunset, San Francisco, CA"
"$1,098,000",5bd,1ba,"2,580 sqft",1329 Revere Ave,"Bayview, San Francisco, CA"
"$1,575,000",3bd,1ba,750 sqft,1 Hawthorne St #4H,"South Beach, San Francisco, CA"
"$999,000",2bd,3ba,"2,500 sqft",95 Molimo Dr,"Miraloma, San Francisco, CA"
"$631,714",1bd,1ba,"1,320 sqft",1778 Newcomb Ave,"Bayview, San Francisco, CA"
"$828,000",2bd,2ba,"3,003 sqft",206 San Juan Ave,"Mission Terrace, San Francisco, CA"
"$7,250,000",2bd,3ba,"2,126 sqft",1940 Vallejo St #11,"Pacific Heights, San Francisco, CA"
"$6,350,000",2bd,3ba,"2,794 sqft",2440 Scott St,"Pacific Heights, San Francisco, CA"
"$4,600,000",2bd,1ba,"2,247 sqft",1338 Filbert St #D,"Russian Hill, San Francisco, CA"
"$4,575,000",2bd,2ba,"3,820 sqft",1083 Dolores St,"Noe Valley, San Francisco, CA"
"$16,000,000",5bd,3ba,"3,468 sqft",3500 Jackson St,"Presidio Heights, San Francisco, CA"
"$2,395,000",3bd,1ba,"2,286 sqft",72 San Benito Way,"Saint Francis Wood, San Francisco, CA"
"$3,995,000",4bd,2ba,"2,027 sqft",55 25th Ave,"Sea Cliff, San Francisco, CA"
"$1,425,000",2bd,2ba,"4,533 sqft",55 Cerritos Ave,"Ingleside Terrace, San Francisco, CA"
"$1,688,000",3bd,2ba,"1,425 sqft",1963 33rd Ave,"Central Sunset, San Francisco, CA"
"$1,095,000",4bd,2ba,"3,502 sqft",116 Connecticut St #3,"Potrero Hill, San Francisco, CA"
"$2,995,000",6bd,1ba,"1,579 sqft",1001 Diamond St,"Noe Valley, San Francisco, CA"
"$699,000",3bd,3ba,"3,100 sqft",60 Ney St,"Excelsior, San Francisco, CA"
"$2,000,000",5bd,2ba,"3,005 sqft",333 Randolph St,"Ingleside Heights, San Francisco, CA"
"$1,795,000",3bd,4ba,"2,460 sqft",2253 9th Ave,"Forest Hill, San Francisco, CA"
"$1,649,000",3bd,2ba,830 sqft,751 Duncan St,"Noe Valley, San Francisco, CA"
"$2,150,000",2bd,4ba,"2,748 sqft",175 Brewster St,"Bernal Heights, San Francisco, CA"
"$1,150,000",1bd,2ba,"1,344 sqft",2019-2025 15th St #2023,"Castro, San Francisco, CA"
"$3,200,000",2bd,2ba,"1,478 sqft",140 32nd Ave,"Sea Cliff, San Francisco, CA"
"$5,495,000",1bd,3ba,"1,100 sqft",301 Main St #15,"South Beach, San Francisco, CA"
"$2,895,000",3bd,4ba,"1,023 sqft",3521 Sacramento St,"Presidio Heights, San Francisco, CA"
"$1,099,000",1bd,2ba,"1,556 sqft",240 Holyoke St,"Portola, San Francisco, CA"
"$1,990,000",1bd,2ba,"2,900 sqft",318 24th Ave,"Central Richmond, San Francisco, CA"
"$2,495,000",3bd,1ba,"1,200 sqft",1155 Monterey Blvd,"Mount Davidson Manor, San Francisco, CA"
"$1,425,000",2bd,2ba,"1,810 sqft",2257 15th Ave,"Inner Parkside, San Francisco, CA"
"$6,250,000",5bd,2ba,"2,001 sqft",188 Minna St #30A,"South Beach, San Francisco, CA"
"$1,400,000",2bd,1ba,370 sqft,89 Belle Ave,"Ingleside Heights, San Francisco, CA"
"$1,195,000",2bd,2ba,549 sqft,1718 12th Ave,"Inner Sunset, San Francisco, CA"
"$3,900,000",2bd,1ba,908 sqft,948 Hampshire St,"Potrero Hill, San Francisco, CA"
"$1,885,000",2bd,2ba,"1,124 sqft",718 Long Bridge St #705,"Mission Bay, San Francisco, CA"
"$1,488,000",2bd,1ba,"2,480 sqft",378 Alemany Blvd,"Bernal Heights, San Francisco, CA"
"$899,000",3bd,1ba,"1,275 sqft",5256 3rd St,"Bayview, San Francisco, CA"
"$2,459,000",1bd,4ba,"2,755 sqft",1626 Folsom St,"SoMa, San Francisco, CA"
"$1,098,000",2bd,2ba,"1,160 sqft",339 Woolsey St,"Portola, San Francisco, CA"
"$699,000",2bd,2ba,"1,320 sqft",1455 Shafter Ave,"Bayview, San Francisco, CA"
"$1,795,000",2bd,2ba,"1,933 sqft",856 Baker St,"Northern Park, San Francisco, CA"
"$1,250,000",2bd,2ba,"2,388 sqft",260 King St #687,"Mission Bay, San Francisco, CA"
"$1,185,000",2bd,2ba,"1,215 sqft",1099 Mississippi St #1,"Potrero Hill, San Francisco, CA"
"$1,495,000",2bd,1ba,"4,500 sqft",1417 Vallejo St,"Russian Hill, San Francisco, CA"
"$949,000",2bd,2ba,"2,692 sqft",461 2nd St #218,"South Beach, San Francisco, CA"
"$1,695,000",3bd,2ba,"2,585 sqft",1150 Lombard St #11,"Russian Hill, San Francisco, CA"
"$3,200,000",3bd,1ba,"1,661 sqft",125 25th Ave,"Sea Cliff, San Francisco, CA"
"$1,299,000",3bd,2ba,"3,450 sqft",452-454 Ivy St,"Hayes Valley, San Francisco, CA"
"$1,428,500",3bd,2ba,862 sqft,2330 34th Ave,"Central Sunset, San Francisco, CA"
"$1,595,000",2bd,2ba,"1,050 sqft",295 Summit Way,"Stonestown Apartments, San Francisco, CA"
"$595,000",2bd,2ba,"1,455 sqft",574 Natoma St #402,"SoMa, San Francisco, CA"
"$199,000",4bd,2ba,"1,175 sqft",901 Bay Shore Blvd #305,"Silver Terrace, San Francisco, CA"
"$899,000",3bd,1ba,924 sqft,1070 Post St #5,"Civic Center, San Francisco, CA"
"$1,188,000",2bd,1ba,"1,694 sqft",435 China Basin St #540,"Mission Bay, San Francisco, CA"
"$689,000",3bd,3ba,"2,200 sqft",900 Bush St #501,"Downtown, San Francisco, CA"
"$899,000",3bd,3ba,"1,470 sqft",228 18th Ave,"Central Richmond, San Francisco, CA"
"$699,000",2bd,3ba,"1,620 sqft",28 Rebecca Ln,"Hunters Point, San Francisco, CA"
"$2,188,000",2bd,2ba,"1,760 sqft",2514 14th Ave,"West Portal, San Francisco, CA"
"$1,695,000",2bd,2ba,"10,200 sqft",558 27th Ave,"Central Richmond, San Francisco, CA"
"$925,000",2bd,1ba,"1,211 sqft",180 18th Ave,"Lake Street, San Francisco, CA"
"$1,998,000",3bd,2ba,"1,113 sqft",1 Clarence Pl #9,"South Beach, San Francisco, CA"
"$1,999,000",2bd,2ba,"1,175 sqft",688 Clipper St,"Noe Valley, San Francisco, CA"
"$1,198,000",3bd,2ba,"2,437 sqft",400 Beale St #1606,"South Beach, San Francisco, CA"
"$5,750,000",2bd,3ba,"1,307 sqft",2008 Vallejo St,"Pacific Heights, San Francisco, CA"
"$5,385,000+",2bd,3ba,"3,200 sqft",201 Folsom St #30B,"South Beach, San Francisco, CA"
"$4,099,000",3bd,2ba,"1,550 sqft",1338 Filbert St #C,"Russian Hill, San Francisco, CA"
"$1,299,000",3bd,2ba,"2,325 sqft",584 Teresita Blvd,"Miraloma, San Francisco, CA"
"$2,775,000",2bd,2ba,"1,106 sqft",172 Lunado Ct,"Ingleside Terrace, San Francisco, CA"
"$998,000",3bd,2ba,"1,131 sqft",62 Santa Ysabel Ave,"Mission Terrace, San Francisco, CA"
"$738,000",2bd,2ba,"2,251 sqft",301 Maynard St,"Excelsior, San Francisco, CA"
"$995,000",2bd,2ba,"8,136 sqft",684 Teresita Blvd,"Miraloma, San Francisco, CA"
"$1,050,000",2bd,3ba,"1,475 sqft",230 Granada Ave,"Ingleside, San Francisco, CA"
"$1,298,000",2bd,2ba,"1,625 sqft",125 Pinehurst Way,"Mount Davidson Manor, San Francisco, CA"
"$1,195,000+",3bd,2ba,"1,557 sqft",Split 2-Bedroom Plan in Knox,"Potrero Hill, San Francisco, CA"
"$1,448,000",3bd,2ba,"4,000 sqft",1150 Folsom St #1,"SoMa, San Francisco, CA"
"$4,495,000+",2bd,3ba,"2,402 sqft",Penthouse Plan in The Pacific,"Pacific Heights, San Francisco, CA"
"$1,398,000",2bd,3ba,"2,115 sqft",110 Alpine Ter,"Buena Vista Park and Dolores Park, San Francisco, CA"
"$899,000",2bd,3ba,741 sqft,45 Cleary Ct #1,"Western Addition, San Francisco, CA"
"$1,195,000",3bd,2ba,"1,686 sqft",1666 41st Ave,"Outer Sunset, San Francisco, CA"
"$1,599,000",2bd,2ba,884 sqft,841 14th St,"Duboce Triangle, San Francisco, CA"
"$3,500,000",3bd,2ba,"1,724 sqft",860 24th Ave,"Central Richmond, San Francisco, CA"
"$1,195,000",1bd,2ba,799 sqft,2319 15th St #A,"Buena Vista Park and Dolores Park, San Francisco, CA"
"$899,000",3bd,3ba,"1,366 sqft",1328 Mission St #4,"SoMa, San Francisco, CA"
"$1,499,000",2bd,4ba,"1,715 sqft",1650 Broadway #403,"Pacific Heights, San Francisco, CA"
"$1,649,000",3bd,3ba,"1,242 sqft",2655 Bush St #503,"Lower Pacific Heights, San Francisco, CA"
"$799,000",3bd,3ba,989 sqft,54 Howth St,"Ingleside, San Francisco, CA"
"$2,950,000",1bd,3ba,"1,115 sqft",947 Green St #2,"Russian Hill, San Francisco, CA"
"$1,750,000",2bd,4ba,810 sqft,301 Main St #19F,"South Beach, San Francisco, CA"
"$2,395,000",3bd,3ba,"1,189 sqft",1440 15th Ave,"Inner Sunset, San Francisco, CA"
"$1,049,000",2bd,2ba,"1,719 sqft",901 Holyoke St,"Visitacion Valley, San Francisco, CA"
"$2,899,000",3bd,1ba,972 sqft,72 Townsend St #310,"South Beach, San Francisco, CA"
"$1,049,000",3bd,2ba,"1,463 sqft",66 Cleary Ct #904,"Western Addition, San Francisco, CA"
"$979,000",3bd,2ba,"1,401 sqft",1070 Post St #4,"Civic Center, San Francisco, CA"
"$3,100,000",3bd,1ba,"1,197 sqft",550 Davis St #26,"Financial District, San Francisco, CA"
"$925,000",4bd,3ba,"1,092 sqft",3550-3552 22nd St,"Noe Valley, San Francisco, CA"
"$3,750,000",3bd,1ba,"1,660 sqft",565 Page St,"Hayes Valley, San Francisco, CA"
"$3,000,000",1bd,1ba,774 sqft,44-46 Liberty St,"Castro, San Francisco, CA"
"$1,395,000",2bd,2ba,891 sqft,225 Montcalm St,"Bernal Heights, San Francisco, CA"
"$1,295,000",2bd,3ba,"2,112 sqft",960 Cayuga Ave,"Mission Terrace, San Francisco, CA"
"$1,195,000",3bd,2ba,"4,516 sqft",724 Santiago St,"Inner Parkside, San Francisco, CA"
"$1,799,000",2bd,3ba,"1,780 sqft",284 Roosevelt Way,"Buena Vista Park and Dolores Park, San Francisco, CA"
"$3,300,000",2bd,3ba,"2,692 sqft",1825 Scott St #1825A,"Lower Pacific Heights, San Francisco, CA"
"$1,588,000",2bd,3ba,"3,314 sqft",146 Stillings Ave,"Miraloma, San Francisco, CA"
"$1,280,000",5bd,4ba,"1,217 sqft",2132 18th Ave,"Inner Parkside, San Francisco, CA"
"$850,000",2bd,4ba,"1,217 sqft",2000 Ellis St #206,"Anza Vista, San Francisco, CA"
"$3,300,000",2bd,3ba,950 sqft,999 Green St #2604,"Russian Hill, San Francisco, CA"
"$899,000",2bd,1ba,"1,762 sqft",8 Buchanan St #806,"Duboce Triangle, San Francisco, CA"
"$899,000",2bd,2ba,"1,420 sqft",482 La Grande Ave,"Excelsior, San Francisco, CA"
"$875,000",1bd,2ba,"12,348 sqft",300 Berry St #1409,"Mission Bay, San Francisco, CA"
"$849,000",1bd,2ba,775 sqft,1875 Mission St #211,"Mission, San Francisco, CA"
"$1,895,000",2bd,2ba,"1,870 sqft",44 Museum Way,"Buena Vista Park and Dolores Park, San Francisco, CA"
"$1,775,000+",2bd,3ba,"6,450 sqft",Residence 3 Plan in LUMINA,"South Beach, San Francisco, CA"
"$761,756",2bd,1ba,"1,302 sqft",1652 Geneva Ave,"Crocker Amazon, San Francisco, CA"
"$775,000",1bd,6ba,"1,797 sqft",85 Lapham Way,"Crocker Amazon, San Francisco, CA"
"$1,220,000+",3bd,1ba,"1,185 sqft",E302 Plan in Rockwell,"Civic Center, San Francisco, CA"
"$1,299,000+",5bd,1ba,975 sqft,Plan B3 in The District at Lower Pacific Heights,"Lower Pacific Heights, San Francisco, CA"
"$1,050,000",1bd,1ba,"1,155 sqft",569 Congo St,"Miraloma, San Francisco, CA"
"$1,565,000+",2bd,2ba,"1,225 sqft",Residence 2 Plan in LUMINA,"South Beach, San Francisco, CA"
"$1,680,500",3bd,1ba,"1,001 sqft",3867-3869 17th St,"Castro, San Francisco, CA"
"$1,725,000",2bd,2ba,"1,947 sqft",901 Guerrero St,"Noe Valley, San Francisco, CA"
"$1,700,000+",2bd,2ba,"1,252 sqft",Residence 7 Plan in LUMINA,"South Beach, San Francisco, CA"
"$1,545,000",2bd,2ba,"1,823 sqft",708 Haight St,"Hayes Valley, San Francisco, CA"
"$2,180,000+",1bd,3ba,"1,600 sqft",Residence 4 Plan in LUMINA,"South Beach, San Francisco, CA"
"$1,398,000",2bd,2ba,"1,780 sqft",435 China Basin St #426,"Mission Bay, San Francisco, CA"
"$1,298,000",1bd,3ba,"1,212 sqft",88 King St #302,"South Beach, San Francisco, CA"
"$3,000,000",2bd,5ba,"1,204 sqft",1333 Jones St #910,"Nob Hill, San Francisco, CA"
"$888,000",2bd,1ba,"1,340 sqft",2443 Clement St #1,"Central Richmond, San Francisco, CA"
"$699,000",4bd,2ba,"1,080 sqft",1176 Quesada Ave,"Bayview, San Francisco, CA"
"$4,875,000+",2bd,4ba,"1,185 sqft",3-Bedroom SE Corner Plan in The Pacific,"Pacific Heights, San Francisco, CA"
"$4,250,000",3bd,2ba,"1,155 sqft",2585 Clay St,"Pacific Heights, San Francisco, CA"
"$3,100,000+",2bd,2ba,"3,005 sqft",Residence 8 Plan in LUMINA,"South Beach, San Francisco, CA"
"$5,385,000+",4bd,1ba,"3,770 sqft",Residence 5 Plan in LUMINA,"South Beach, San Francisco, CA"
"$2,399,000",3bd,2ba,"3,199 sqft",3444 17th St,"Mission Dolores, San Francisco, CA"
"$400,114",3bd,1ba,"1,605 sqft",35 Garnett Ter,"Bayview, San Francisco, CA"
"$1,299,000",1bd,1ba,"3,199 sqft",718 Long Bridge St #321,"Mission Bay, San Francisco, CA"
"$749,000",3bd,1ba,"1,882 sqft",38 Grafton Ave,"Ingleside, San Francisco, CA"
"$1,980,000",2bd,2ba,"1,605 sqft",1480 10th Ave,"Inner Sunset, San Francisco, CA"
"$799,000",3bd,3ba,"1,639 sqft",5 Garnett Ter,"Bayview, San Francisco, CA"
"$6,500,000",2bd,1ba,"1,934 sqft",700 Kearny St,"Financial District, San Francisco, CA"
"$899,000",2bd,2ba,"1,875 sqft",911 Capitol Ave,"Ingleside, San Francisco, CA"
"$988,500",3bd,1ba,"1,775 sqft",1603 Ingalls St,"Bayview, San Francisco, CA"
"$3,995,000",2bd,2ba,"1,153 sqft",11-17 Pearl St,"Mission Dolores, San Francisco, CA"
"$1,125,800",3bd,2ba,639 sqft,172 Coleman St,"Hunters Point, San Francisco, CA"
"$3,295,000",2bd,2ba,920 sqft,765 Market St #22G,"SoMa, San Francisco, CA"
"$995,000",2bd,1ba,"1,445 sqft",1488 Harrison St #302,"SoMa, San Francisco, CA"
"$1,025,000+",2bd,1ba,"2,051 sqft",202 Plan in La Maison Soma,"SoMa, San Francisco, CA"
"$899,000",2bd,1ba,"1,116 sqft",415 Amazon Ave,"Excelsior, San Francisco, CA"
"$1,500,000",3bd,2ba,"1,829 sqft",222 28th St,"Noe Valley, San Francisco, CA"
"$1,295,000",2bd,2ba,"2,076 sqft",8 Octavia St #502,"Hayes Valley, San Francisco, CA"
"$3,899,000",1bd,3ba,"3,453 sqft",425 1st St #5204,"South Beach, San Francisco, CA"
"$1,475,000",2bd,2ba,"3,970 sqft",14 Fairfield Way,"Mount Davidson Manor, San Francisco, CA"
"$1,299,000",2bd,2ba,"1,882 sqft",2626 19th Ave,"Inner Parkside, San Francisco, CA"
"$2,199,000",3bd,1ba,"3,667 sqft",562 28th Ave,"Central Richmond, San Francisco, CA"
"$3,245,000+",2bd,2ba,"2,200 sqft",201 Folsom St #30E,"South Beach, San Francisco, CA"
"$1,079,800+",2bd,1ba,"3,802 sqft",192 Coleman St. Unit #192 Plan in The San Francisco Shipyard : Alma and Engel,"Hunters Point, San Francisco, CA"
"$999,800+",1bd,2ba,"2,350 sqft",293 Friedell St. Unit #293 Plan in The San Francisco Shipyard : Alma and Engel,"Hunters Point, San Francisco, CA"
"$980,800+",2bd,3ba,"2,470 sqft",50 Jerrold Ave. Unit #409 Plan in The San Francisco Shipyard : Alma and Engel,"Hunters Point, San Francisco, CA"
"$1,070,000+",4bd,1ba,"1,820 sqft",51 Innes Ct. #312 Plan in The San Francisco Shipyard : Monarch,"Hunters Point, San Francisco, CA"
"$928,000+",3bd,2ba,"1,450 sqft",51 Innes Ct. #103 Plan in The San Francisco Shipyard : Monarch,"Hunters Point, San Francisco, CA"
"$1,125,000+",1bd,1ba,"1,100 sqft",51 Innes Ct. #302 Plan in The San Francisco Shipyard : Monarch,"Hunters Point, San Francisco, CA"
"$2,795,000",3bd,2ba,"1,062 sqft",365 Hill St,"Noe Valley, San Francisco, CA"
"$7,875,000+",3bd,3ba,"1,142 sqft",338 Main St #36A,"South Beach, San Francisco, CA"
"$14,000,000+",4bd,3ba,"1,328 sqft",69B Plan in 181 Fremont,"South Beach, San Francisco, CA"
"$3,715,000+",2bd,3ba,"1,177 sqft",58C Plan in 181 Fremont,"South Beach, San Francisco, CA"
"$14,000,000+",2bd,2ba,"5,480 sqft",181 Fremont St,"South Beach, San Francisco, CA"
"$5,630,000+",2bd,1ba,900 sqft,63A Plan in 181 Fremont,"South Beach, San Francisco, CA"
"$3,715,000+",3bd,2ba,840 sqft,181 Fremont St,"South Beach, San Francisco, CA"
"$2,125,000+",2bd,4ba,"1,640 sqft",#1107 Plan in ONE Mission Bay,"Mission Bay, San Francisco, CA"
"$875,000",3bd,2ba,"2,480 sqft",199 New Montgomery St #1309,"South Beach, San Francisco, CA"
"$1,095,000",2bd,2ba,834 sqft,546 Lyon St,"Northern Park, San Francisco, CA"
"$1,595,000",3bd,1ba,632 sqft,55 Wawona St,"West Portal, San Francisco, CA"
"$1,100,000",2bd,2ba,632 sqft,2089 Ingalls St #2,"Bayview, San Francisco, CA"
"$1,599,000",2bd,3ba,"1,219 sqft",401 Gates St,"Bernal Heights, San Francisco, CA"
"$729,000",1bd,1ba,"1,111 sqft",1231 Quesada Ave,"Bayview, San Francisco, CA"
"$779,000+",1bd,1ba,"1,362 sqft",306 Plan in La Maison Soma,"SoMa, San Francisco, CA"
"$1,079,000+",2bd,2ba,"1,590 sqft",303 Plan in La Maison Soma,"SoMa, San Francisco, CA"
"$1,495,000",3bd,2ba,"1,959 sqft",1821 15th St #4,"Mission Dolores, San Francisco, CA"
"$3,195,000",1bd,1ba,"3,200 sqft",601 4th St #113,"Mission Bay, San Francisco, CA"
"$899,000",2bd,2ba,759 sqft,208 Williams Ave,"Bayview, San Francisco, CA"
"$3,499,000+",2bd,1ba,"1,956 sqft",Penthouse 4 Plan in 1450 Franklin,"Civic Center, San Francisco, CA"
"$3,649,000+",1bd,2ba,"2,585 sqft",Penthouse 3 Plan in 1450 Franklin,"Civic Center, San Francisco, CA"
"$3,225,000",1bd,3ba,"1,714 sqft",542-546 Lyon St,"Northern Park, San Francisco, CA"
"$4,695,000",1bd,2ba,"2,088 sqft",4184-4186 25th St,"Noe Valley, San Francisco, CA"
"$5,630,000+",1bd,1ba,"1,111 sqft",181 Fremont St,"South Beach, San Francisco, CA"
"$2,800,000",1bd,1ba,"1,633 sqft",5201 Mission St #5205,"Crocker Amazon, San Francisco, CA"
"$1,350,000",2bd,2ba,975 sqft,194-196 Jules Ave,"Ingleside, San Francisco, CA"
"$3,800,000",1bd,2ba,669 sqft,512-516 Shotwell St,"Mission, San Francisco, CA"
"$1,488,000",1bd,4ba,841 sqft,1415 28th Ave #17,"Central Sunset, San Francisco, CA"
"$2,149,000",2bd,2ba,"2,628 sqft",1073-1075 14th St,"Buena Vista Park and Dolores Park, San Francisco, CA"
"$1,998,000",2bd,2ba,"1,190 sqft",770 23rd Ave,"Central Richmond, San Francisco, CA"
"$1,399,000",2bd,2ba,"1,625 sqft",2349 15th Ave,"Inner Parkside, San Francisco, CA"
"$749,000",3bd,1ba,"1,050 sqft",3514 26th St #2,"Mission, San Francisco, CA"
"$499,000",2bd,2ba,"1,750 sqft",324 Bradford St #V,"Bernal Heights, San Francisco, CA"
"$899,000",2bd,2ba,"1,550 sqft",73 Sumner St #103,"SoMa, San Francisco, CA"
"$1,200,000",2bd,2ba,"2,051 sqft",2922 Pine St,"Lower Pacific Heights, San Francisco, CA"
"$799,000",2bd,1ba,965 sqft,586 41st Ave,"Outer Richmond, San Francisco, CA"
"$2,900,000",4bd,2ba,"1,655 sqft",4055-4057 Cesar Chavez St,"Noe Valley, San Francisco, CA"
"$9,750,000",4bd,1ba,"2,738 sqft",2140-2144 Market St,"Duboce Triangle, San Francisco, CA"
"$1,489,000",2bd,1ba,"1,150 sqft",855 Folsom St #509,"SoMa, San Francisco, CA"
"$2,488,000",3bd,2ba,"1,689 sqft",207 King St #708,"Mission Bay, San Francisco, CA"
"$899,000",2bd,2ba,"1,312 sqft",1 Cuvier St,"Bernal Heights, San Francisco, CA"
"$3,888,000",2bd,2ba,"2,819 sqft",546-548 34th Ave,"Outer Richmond, San Francisco, CA"
"$719,000",2bd,3ba,"1,136 sqft",531 Rutland St,"Visitacion Valley, San Francisco, CA"
"$899,000",3bd,3ba,875 sqft,146 Tiffany Ave,"Mission, San Francisco, CA"
"$1,399,000",3bd,2ba,"1,057 sqft",380 Wawona St,"West Portal, San Francisco, CA"
"$1,399,000",1bd,2ba,"1,092 sqft",342 Lisbon St,"Excelsior, San Francisco, CA"
"$1,095,000+",1bd,2ba,"1,031 sqft",2-Bedroom Eastern Facing Plan in Knox,"Potrero Hill, San Francisco, CA"
"$1,125,000+",3bd,3ba,"1,678 sqft",Unit E Plan in 72 Townsend,"Potrero Hill, San Francisco, CA"
"$983,000+",3bd,3ba,"1,310 sqft",72 Townsend St #705,"South Beach, San Francisco, CA"
"$1,149,000",2bd,2ba,"1,198 sqft",250 King St #900,"Mission Bay, San Francisco, CA"
"$1,250,000",4bd,3ba,819 sqft,555 4th St #900,"Mission Bay, San Francisco, CA"
"$1,300,000",3bd,2ba,"1,054 sqft",88 King St #122,"South Beach, San Francisco, CA"
"$1,895,000",3bd,2ba,"3,000 sqft",1333 Jones St #903,"Nob Hill, San Francisco, CA"
"$1,299,000",3bd,3ba,"2,000 sqft",186 Carnelian Way,"Diamond Heights, San Francisco, CA"
"$2,698,000",4bd,3ba,"1,389 sqft",372 Richland Ave,"Bernal Heights, San Francisco, CA"
"$967,000",3bd,3ba,"1,865 sqft",401 Harrison St #11H,"South Beach, San Francisco, CA"
"$3,995,000+",2bd,1ba,"1,735 sqft",2121 Webster St #607,"Pacific Heights, San Francisco, CA"
"$3,999,000",2bd,1ba,"1,827 sqft",1338 Filbert St #B,"Russian Hill, San Francisco, CA"
"$2,000,000",2bd,3ba,"1,107 sqft",301 Mission St #37E,"South Beach, San Francisco, CA"
"$2,499,000",3bd,2ba,"2,500 sqft",1132-1134 Hampshire St,"Potrero Hill, San Francisco, CA"
"$1,800,000",4bd,2ba,"1,577 sqft",88 King St #1021,"South Beach, San Francisco, CA"
"$1,295,000",6bd,3ba,"1,397 sqft",2491 Harrison St,"Mission, San Francisco, CA"
"$2,195,000",3bd,2ba,"1,214 sqft",301 Mission St #606,"South Beach, San Francisco, CA"
"$705,000",2bd,1ba,"1,405 sqft",555 Campbell Ave,"Visitacion Valley, San Francisco, CA"
"$890,000+",2bd,2ba,"2,266 sqft",1300 22nd St #404,"Potrero Hill, San Francisco, CA"
"$845,000",2bd,2ba,"1,250 sqft",680 Brunswick St,"Crocker Amazon, San Francisco, CA"
"$1,049,000+",1bd,1ba,874 sqft,338 Potrero Ave #404,"Potrero Hill, San Francisco, CA"
"$1,599,000",2bd,3ba,"1,325 sqft",441 19th Ave #3,"Central Richmond, San Francisco, CA"
"$1,495,000",3bd,1ba,"1,551 sqft",924 Florida St,"Mission, San Francisco, CA"
"$995,000",2bd,1ba,779 sqft,500 Woolsey St,"Portola, San Francisco, CA"
"$788,000",1bd,1ba,"1,619 sqft",120 Saint Charles Ave,"Ingleside Heights, San Francisco, CA"
"$1,199,000",2bd,1ba,"1,200 sqft",1530 45th Ave,"Outer Sunset, San Francisco, CA"
"$999,000",3bd,1ba,"1,752 sqft",539 Hamilton St,"Portola, San Francisco, CA"
"$1,195,000",1bd,2ba,"2,164 sqft",1415 35th Ave,"Central Sunset, San Francisco, CA"
"$1,400,000",3bd,1ba,"1,448 sqft",640 Davis St #41,"Financial District, San Francisco, CA"
"$982,824",4bd,2ba,"1,711 sqft",11 College Ter,"Bernal Heights, San Francisco, CA"
"$2,495,000",2bd,1ba,920 sqft,764-766 Chestnut St,"Russian Hill, San Francisco, CA"
"$799,900",1bd,4ba,600 sqft,1436 Palou Ave,"Bayview, San Francisco, CA"
"$1,550,000",3bd,1ba,975 sqft,3032 Clement St #201,"Central Richmond, San Francisco, CA"
"$2,150,000",1bd,1ba,"1,026 sqft",401 Harrison St #38B,"South Beach, San Francisco, CA"
"$4,100,000",1bd,1ba,"1,466 sqft",301 Mission St #50C,"South Beach, San Francisco, CA"
"$888,000",1bd,1ba,785 sqft,20 Prague St,"Excelsior, San Francisco, CA"
"$1,099,000+",1bd,1ba,831 sqft,338 Potrero Ave #203,"Potrero Hill, San Francisco, CA"
"$759,888",5bd,2ba,"1,360 sqft",161 Rey St,"Visitacion Valley, San Francisco, CA"
"$1,315,000+",1bd,1ba,713 sqft,1300 22nd St #219,"Potrero Hill, San Francisco, CA"
"$1,499,000",2bd,1ba,793 sqft,325 29th Ave,"Central Richmond, San Francisco, CA"
"$1,180,000",1bd,3ba,785 sqft,1160 Mission St #1707,"SoMa, San Francisco, CA"
"$2,495,000",3bd,1ba,950 sqft,2756 Baker St,"Cow Hollow, San Francisco, CA"
"$1,061,000",2bd,2ba,634 sqft,226 18th Ave,"Central Richmond, San Francisco, CA"
"$1,690,000",1bd,2ba,"1,196 sqft",333 Beale St #C3B,"South Beach, San Francisco, CA"
"$1,125,000",5bd,1ba,600 sqft,425 1st St #1107,"South Beach, San Francisco, CA"
"$1,198,000",3bd,1ba,"1,370 sqft",631 Folsom St #10C,"South Beach, San Francisco, CA"
"$4,495,000",3bd,1ba,"1,340 sqft",3900 3rd St,"Bayview, San Francisco, CA"
"$1,395,000",1bd,2ba,"1,281 sqft",945 Scott St,"Alamo Square, San Francisco, CA"
"$893,651+",2bd,1ba,"1,304 sqft",Plan 2A-ALT in The Village at Garden Valley,"Downtown, San Francisco, CA"
"$2,198,000",2bd,2ba,"2,158 sqft",170 Pacific Ave #35,"Financial District, San Francisco, CA"
"$1,795,000",2bd,3ba,"1,273 sqft",690 Market St #901,"Downtown, San Francisco, CA"
"$1,995,000",5bd,1ba,"1,495 sqft",2147 Bay St,"Marina, San Francisco, CA"
"$985,000",1bd,3ba,"1,793 sqft",1 Hawthorne St #16D,"South Beach, San Francisco, CA"
"$1,329,000",3bd,3ba,"1,878 sqft",333 Main St #7A,"South Beach, San Francisco, CA"
"$1,188,000",3bd,1ba,"1,500 sqft",508 Dwight St,"Portola, San Francisco, CA"
"$1,399,000",5bd,2ba,"1,130 sqft",701 Vermont St,"Potrero Hill, San Francisco, CA"
"$2,090,000",2bd,2ba,"2,251 sqft",234 Balboa St,"Inner Richmond, San Francisco, CA"
"$1,495,000",2bd,1ba,"1,315 sqft",650 Delancey St #304,"South Beach, San Francisco, CA"
"$799,000",1bd,1ba,"1,139 sqft",2058 45th Ave,"Outer Sunset, San Francisco, CA"
"$1,565,000",1bd,1ba,"1,485 sqft",1257 Francisco St,"Marina, San Francisco, CA"
"$1,878,000",1bd,1ba,"2,076 sqft",1480 Golden Gate Ave,"Alamo Square, San Francisco, CA"
"$1,195,000",8bd,2ba,"1,976 sqft",264 Henry St,"Buena Vista Park and Dolores Park, San Francisco, CA"
"$529,000",2bd,2ba,"1,106 sqft",205 Salinas Ave,"Bayview, San Francisco, CA"
"$1,640,000+",1bd,2ba,900 sqft,1450 Franklin St,"Civic Center, San Francisco, CA"
"$1,050,000",6bd,1ba,"2,395 sqft",611 Paris St,"Excelsior, San Francisco, CA"
"$399,900",2bd,3ba,"1,480 sqft",1299 Fitzgerald Ave,"Bayview, San Francisco, CA"
"$1,500,000",5bd,2ba,"1,291 sqft",2016 Fell St,"Panhandle, San Francisco, CA"
"$1,149,000",1bd,1ba,"2,184 sqft",2975 Harrison St,"Mission, San Francisco, CA"
"$1,499,000",4bd,2ba,"1,737 sqft",1423 Golden Gate Ave,"Alamo Square, San Francisco, CA"
"$1,788,000",4bd,2ba,"1,207 sqft",145-147 Bernard St,"Nob Hill, San Francisco, CA"
"$1,100,000",2bd,2ba,"1,745 sqft",125 Gilbert St #2,"Mission Bay, San Francisco, CA"
"$1,299,000",1bd,1ba,"1,236 sqft",426 14th St #A,"Mission Dolores, San Francisco, CA"
"$1,195,000",2bd,1ba,"1,749 sqft",733 Front St #606,"Financial District, San Francisco, CA"
"$599,000",1bd,1ba,"2,440 sqft",2807 Market St,"Castro, San Francisco, CA"
"$985,000",2bd,1ba,"1,305 sqft",356 12th St #101,"SoMa, San Francisco, CA"
"$718,000",4bd,2ba,"1,540 sqft",5800 3rd St #1207,"Bayview, San Francisco, CA"
"$1,080,000",3bd,2ba,930 sqft,266 Country Club Dr,"Stonestown, San Francisco, CA"
"$1,038,000+",2bd,1ba,800 sqft,72 Townsend St #603,"South Beach, San Francisco, CA"
"$1,049,000+",1bd,1ba,"1,605 sqft",2 Bedroom / 2 Bath Plan in Rowan,"Potrero Hill, San Francisco, CA"
"$2,995,000+",2bd,4ba,926 sqft,"2 Bedroom Flat, 603 Plan in The Pacific","Pacific Heights, San Francisco, CA"
"$2,420,000+",2bd,3ba,"2,525 sqft",Plan A1 in The District at Lower Pacific Heights,"Lower Pacific Heights, San Francisco, CA"
"$890,000+",6bd,2ba,"1,330 sqft",Plan D1 in The District at Lower Pacific Heights,"Lower Pacific Heights, San Francisco, CA"
"$1,025,000+",5bd,1ba,"1,950 sqft",Unit C Plan in 72 Townsend,"Potrero Hill, San Francisco, CA"
"$1,039,000+",5bd,1ba,"1,335 sqft",Unit H Plan in 72 Townsend,"Potrero Hill, San Francisco, CA"
"$795,000+",7bd,2ba,"4,816 sqft",1 Bedroom Plan in Knox,"Potrero Hill, San Francisco, CA"
"$1,480,000+",6bd,2ba,"1,690 sqft",#106 Plan in ONE Mission Bay,"Mission Bay, San Francisco, CA"
"$725,000",2bd,5ba,980 sqft,180 Dolores St,"Castro, San Francisco, CA"
"$2,950,000",3bd,3ba,900 sqft,519 Ellis St,"Tenderloin, San Francisco, CA"
"$1,295,000",4bd,1ba,"1,275 sqft",2040 Franklin St #904,"Pacific Heights, San Francisco, CA"
"$2,499,000",5bd,4ba,"1,282 sqft",338 Spear St #35E,"South Beach, San Francisco, CA"
"$1,959,000",5bd,2ba,931 sqft,301 Mission St #304,"South Beach, San Francisco, CA"
"$1,540,000+",4bd,4ba,770 sqft,#701 Plan in ONE Mission Bay,"Mission Bay, San Francisco, CA"
"$2,250,000",4bd,1ba,"1,200 sqft",440 Kansas St,"Potrero Hill, San Francisco, CA"
"$1,595,000",3bd,3ba,"2,120 sqft",690 Market St #1702,"Downtown, San Francisco, CA"
"$2,325,000+",5bd,4ba,662 sqft,Residence 6 Plan in LUMINA,"South Beach, San Francisco, CA"
"$1,699,000",15bd,1ba,"1,342 sqft",432 Laurel St,"Presidio Heights, San Francisco, CA"
"$3,500,000",3bd,1ba,"1,750 sqft",430 Eddy St,"Tenderloin, San Francisco, CA"
"$3,895,000+",5bd,2ba,232 sqft,2.5 Bedroom Flat Plan in The Pacific,"Pacific Heights, San Francisco, CA"
"$2,300,000",2bd,1ba,409 sqft,2175 Hayes St,"Panhandle, San Francisco, CA"
"$1,068,000",4bd,2ba,"1,084 sqft",121 Otter Cove Ter,"Bayview, San Francisco, CA"
"$999,000",1bd,3ba,766 sqft,249 Edinburgh St,"Excelsior, San Francisco, CA"
"$1,449,000",4bd,2ba,892 sqft,177 Townsend St #1131,"South Beach, San Francisco, CA"
"$3,800,000",3bd,2ba,"1,600 sqft",550 Davis St #20,"Financial District, San Francisco, CA"
"$1,650,000",4bd,1ba,770 sqft,235 Berry St #410,"Mission Bay, San Francisco, CA"
"$1,802,000+",3bd,1ba,"1,430 sqft",E1111 Plan in Rockwell,"Civic Center, San Francisco, CA"
"$2,675,000+",4bd,1ba,"1,726 sqft",EPH06 Plan in Rockwell,"Civic Center, San Francisco, CA"
"$3,749,000+",4bd,2ba,734 sqft,Penthouse 2 Plan in 1450 Franklin,"Civic Center, San Francisco, CA"
"$3,450,000+",4bd,7ba,"1,244 sqft",#1301 Plan in ONE Mission Bay,"Mission Bay, San Francisco, CA"
"$1,475,000+",2bd,3ba,"1,521 sqft",Unit L Plan in 72 Townsend,"Potrero Hill, San Francisco, CA"
"$1,799,000+",3bd,7ba,715 sqft,Unit B Plan in 72 Townsend,"Potrero Hill, San Francisco, CA"
"$4,995,000+",1bd,11ba,750 sqft,3 Bedroom NE Corner Plan in The Pacific,"Pacific Heights, San Francisco, CA"
"$1,995,000+",6bd,4ba,735 sqft,"3-Bedroom, 504 Plan in Knox","Potrero Hill, San Francisco, CA"
"$1,705,000+",3bd,2ba,740 sqft,#809 Plan in ONE Mission Bay,"Mission Bay, San Francisco, CA"
"$1,268,000",1bd,4ba,"2,006 sqft",1315 Silliman St,"Portola, San Francisco, CA"
Contact For Estimate,3bd,4ba,"1,868 sqft",2075 Quesada Ave,"Silver Terrace, San Francisco, CA"
Contact For Estimate,2bd,5ba,544 sqft,74 Everglade Dr,"Merced Manor, San Francisco, CA"
Contact For Estimate,4bd,5ba,"1,094 sqft",106 Madrid St,"Excelsior, San Francisco, CA"
Contact For Estimate,4bd,5ba,806 sqft,615 Lakeview Ave,"Ingleside, San Francisco, CA"
Contact For Estimate,3bd,5ba,"1,260 sqft",3028 20th Ave,"Merced Manor, San Francisco, CA"
Contact For Estimate,2bd,4ba,"1,938 sqft",144 Stonecrest Dr,"San Francisco State University, San Francisco, CA"
Contact For Estimate,2bd,5ba,597 sqft,1666 25th Ave,"Central Sunset, San Francisco, CA"
Contact For Estimate,2bd,10ba,"2,113 sqft",3650 16th St,"Duboce Triangle, San Francisco, CA"
Contact For Estimate,2bd,4ba,"1,345 sqft",600 Sutter St #6C,"Downtown, San Francisco, CA"
Contact For Estimate,2bd,4ba,"1,410 sqft",354 Bright St,"Ingleside Heights, San Francisco, CA"
Contact For Estimate,2bd,1ba,807 sqft,152 Everson St,"Glen Park, San Francisco, CA"
Contact For Estimate,3bd,3ba,291 sqft,1828 Eddy St #4,"Western Addition, San Francisco, CA"
Contact For Estimate,2bd,1ba,820 sqft,1135 Phelps St #1145,"Bayview, San Francisco, CA"
Contact For Estimate,1bd,4ba,750 sqft,2011 Powell St,"North Beach, San Francisco, CA"
Contact For Estimate,2bd,1ba,"2,340 sqft",224 Guttenberg St,"Crocker Amazon, San Francisco, CA"
Contact For Estimate,6bd,4ba,580 sqft,2446 27th Ave,"Central Sunset, San Francisco, CA"
Contact For Estimate,5bd,4ba,650 sqft,2266 9th Ave,"Forest Hill, San Francisco, CA"
Contact For Estimate,2bd,2ba,"2,685 sqft",1315 39th Ave,"Outer Sunset, San Francisco, CA"
Contact For Estimate,1bd,3ba,"1,839 sqft",120 Rolph St,"Crocker Amazon, San Francisco, CA"
Contact For Estimate,4bd,4ba,"2,001 sqft",387 Paris St,"Excelsior, San Francisco, CA"
Contact For Estimate,3bd,6ba,920 sqft,1130 Shotwell St,"Mission, San Francisco, CA"
Contact For Estimate,1bd,2ba,883 sqft,8 Otsego Ave,"Mission Terrace, San Francisco, CA"
Contact For Estimate,5bd,3ba,"1,782 sqft",1521 Sutter St #405,"Lower Pacific Heights, San Francisco, CA"
Contact For Estimate,2bd,1ba,"7,885 sqft",42 Caine Ave,"Ingleside, San Francisco, CA"
Contact For Estimate,1bd,1ba,"1,700 sqft",125 Peru Ave,"Excelsior, San Francisco, CA"
Contact For Estimate,,2ba,831 sqft,1567 22nd Ave,"Central Sunset, San Francisco, CA"
Contact For Estimate,,2ba,"6,085 sqft",1160 Mission St #812,"SoMa, San Francisco, CA"
"$925,800",,1ba,"1,160 sqft",50 Jerrold Ave #411,"Hunters Point, San Francisco, CA"
"$1,400,000",,2ba,"2,416 sqft",3535-3537 Anza St,"Central Richmond, San Francisco, CA"
"$435,000",,3ba,769 sqft,412 Green St #A,"Telegraph Hill, San Francisco, CA"
"$35,000",,2ba,"3,040 sqft",81 22nd Ave,"Sea Cliff, San Francisco, CA"
"$519,000",,2ba,"4,509 sqft",3653 Buchanan St #A,"Marina, San Francisco, CA"
"$231,129",,3ba,"1,048 sqft",95 Ora Way #307,"Diamond Heights, San Francisco, CA"
"$780,000",,2ba,876 sqft,875 La Playa St #383,"Outer Richmond, San Francisco, CA"
"$679,219",,2ba,736 sqft,170 King St #1111,"South Beach, San Francisco, CA"
"$819,000",,3ba,"1,137 sqft",1070 Post St #3,"Civic Center, San Francisco, CA"
"$759,000",,2ba,"1,475 sqft",6 Carpenter Ct,"Bayview, San Francisco, CA"
"$775,000",,1ba,"2,796 sqft",197 Moreland St,"Glen Park, San Francisco, CA"
"$699,000",,3ba,"1,637 sqft",225 Farallones St,"Oceanview, San Francisco, CA"
"$679,000",,3ba,989 sqft,26 Garrison Ave,"Visitacion Valley, San Francisco, CA"
"$695,000",,2ba,781 sqft,1930 Mission St #105,"Mission, San Francisco, CA"
"$775,000",,1ba,"1,298 sqft",1578 Indiana St #4,"Central Waterfront, San Francisco, CA"
"$532,196",,2ba,815 sqft,315 Santa Rosa Ave #5,"Mission Terrace, San Francisco, CA"
"$350,000",,4ba,"1,410 sqft",1450 Post St #412,"Lower Pacific Heights, San Francisco, CA"
"$649,000",,4ba,"6,305 sqft",152 Sagamore St,"Oceanview, San Francisco, CA"
"$585,000",,2ba,"2,076 sqft",184 Locksley Ave #5,"Forest Knolls, San Francisco, CA"
"$395,000",,1ba,"5,490 sqft",1450 Post St #511,"Lower Pacific Heights, San Francisco, CA"
"$1,200,000",,2ba,"16,000 sqft",1160 Florida St,"Mission, San Francisco, CA"
"$1,000,000",,3ba,"3,900 sqft",1619 48th Ave,"Outer Sunset, San Francisco, CA"
"$335,000",,1ba,"1,024 sqft",1450 Post St #817,"Lower Pacific Heights, San Francisco, CA"
"$695,000",,3ba,"2,419 sqft",1450 Post St #716,"Lower Pacific Heights, San Francisco, CA"
"$648,600",,2ba,"3,814 sqft",570 Innes Ave #301,"Hunters Point, San Francisco, CA"
"$761,750",,1ba,"3,915 sqft",8 Cuvier St,"Bernal Heights, San Francisco, CA"
"$2,750,000",,1ba,"3,740 sqft",3157 Jackson St,"Presidio Heights, San Francisco, CA"
"$599,000",,,"3,890 sqft",240 Lombard St #332,"Fisherman's Wharf, San Francisco, CA"
"$1,849,000",,,"6,383 sqft",2344 Franklin St,"Pacific Heights, San Francisco, CA"
"$698,000",,,"3,382 sqft",566 London St,"Excelsior, San Francisco, CA"
"$1,175,000",,,"4,058 sqft",633 6th Ave,"Inner Richmond, San Francisco, CA"
"$395,000",,,"13,643 sqft",401 Crescent Ct #4201,"Bayview, San Francisco, CA"
"$389,000",,,"3,390 sqft",195 7th St #406,"SoMa, San Francisco, CA"
"$799,000",,,"3,660 sqft",336 Bradford St,"Bernal Heights, San Francisco, CA"
"$599,900",,,"1,071 sqft",971 Avalon Ave,"Excelsior, San Francisco, CA"
"$795,000",,,"1,285 sqft",964 Minnesota St,"Central Waterfront, San Francisco, CA"
"$699,999",,,752 sqft,146 Tucker Ave,"Visitacion Valley, San Francisco, CA"
"$609,950",,,"3,200 sqft",240 Lombard St #429,"Fisherman's Wharf, San Francisco, CA"
"$629,000",,,613 sqft,1485 Van Dyke Ave,"Bayview, San Francisco, CA"
"$3,950,000",,,"7,300 sqft",1050 Filbert St,"Russian Hill, San Francisco, CA"
Contact For Estimate,,,"3,591 sqft",1276 Geneva Ave,"Crocker Amazon, San Francisco, CA"
"$2,000,000",,,"3,425 sqft",1150 Lombard St #27,"Russian Hill, San Francisco, CA"
"$998,000",,,"2,574 sqft",244 30th St #244,"Noe Valley, San Francisco, CA"
"$1,250,000",,,"1,338 sqft",1775 Broadway #9,"Pacific Heights, San Francisco, CA"
"$625,000",,,"3,360 sqft",1450 Post St #909,"Lower Pacific Heights, San Francisco, CA"
"$825,000",,,"2,155 sqft",1450 Post St #217,"Lower Pacific Heights, San Francisco, CA"
"$7,495,000",,,"3,440 sqft",1735 Franklin St,"Pacific Heights, San Francisco, CA"
"$1,695,000",,,"4,025 sqft",235 Berry St #101,"Mission Bay, San Francisco, CA"
"$798,000",,,970 sqft,501 Beale St #1D,"South Beach, San Francisco, CA"
"$10,000,000",,,"2,255 sqft",2557 Filbert St,"Cow Hollow, San Francisco, CA"
"$25,000,000",,,656 sqft,1515 V,"Diamond Heights, San Francisco, CA"
"$849,000",,,903 sqft,601 Van Ness Ave #70,"Civic Center, San Francisco, CA"
"$1,549,000",,,"3,210 sqft",490 Vermont St,"Potrero Hill, San Francisco, CA"
"$799,000",,,"1,650 sqft",2 Mint Plz #402,"SoMa, San Francisco, CA"
"$2,499,000",,,749 sqft,2980 California St,"Pacific Heights, San Francisco, CA"
"$2,690,000",,,"1,300 sqft",406 Lansdale Ave,"Sherwood Forest, San Francisco, CA"
"$898,000",,,"1,288 sqft",3191 California St,"Lower Pacific Heights, San Francisco, CA"
"$749,000",,,"1,890 sqft",900 Bush St #512,"Downtown, San Francisco, CA"
"$875,000",,,"1,680 sqft",201 Harrison St #913,"South Beach, San Francisco, CA"
"$898,000",,,"3,300 sqft",920 Harrison St #8,"SoMa, San Francisco, CA"
"$1,495,000",,,"1,070 sqft",1569 Grove St,"Northern Park, San Francisco, CA"
"$1,895,000",,,"1,391 sqft",239 Clinton Park,"Mission Dolores, San Francisco, CA"
"$1,499,000",,,"3,350 sqft",1312 Leavenworth St,"Nob Hill, San Francisco, CA"
"$1,189,000",,,"1,150 sqft",1868 Van Ness Ave #201,"Nob Hill, San Francisco, CA"
"$769,000",,,"2,500 sqft",201 Harrison St #126,"South Beach, San Francisco, CA"
"$948,000",,,"3,724 sqft",67 Meadowbrook Dr,"Merced Manor, San Francisco, CA"
"$622,732",,,"1,709 sqft",1001 Pine St #905,"Downtown, San Francisco, CA"
"$1,395,000",,,"3,064 sqft",1255 California St #204,"Downtown, San Francisco, CA"
"$12,000,000",,,"1,971 sqft",898 Francisco St,"Russian Hill, San Francisco, CA"
"$1,799,000",,,"1,581 sqft",2479 Diamond St,"Glen Park, San Francisco, CA"
"$9,750,000",,,840 sqft,1994 Jackson St,"Pacific Heights, San Francisco, CA"
"$29,500,000",,,"4,750 sqft",2820 Scott St,"Cow Hollow, San Francisco, CA"
"$5,695,000",,,"9,880 sqft",2405 Washington St,"Pacific Heights, San Francisco, CA"
"$775,000",,,"1,259 sqft",1580 Great Hwy #1,"Outer Sunset, San Francisco, CA"
"$5,995,000",,,"3,250 sqft",1100 Sacramento St #902,"Nob Hill, San Francisco, CA"
"$5,995,000",,,"1,310 sqft",301 Mission St #401,"South Beach, San Francisco, CA"
"$4,990,000",,,"2,285 sqft",3962 Clay St,"Presidio Heights, San Francisco, CA"
"$4,995,000",,,"1,299 sqft",2566 Pine St,"Lower Pacific Heights, San Francisco, CA"
"$12,000,000",,,804 sqft,1032 Broadway,"Russian Hill, San Francisco, CA"
"$6,500,000",,,"1,855 sqft",11 San Jacinto Way,"Monterey Heights, San Francisco, CA"
"$9,500,000",,,"2,460 sqft",301 Main St #37B,"South Beach, San Francisco, CA"
"$6,169,000",,,"1,450 sqft",2830 Buchanan St,"Pacific Heights, San Francisco, CA"
"$22,000,000",,,"3,600 sqft",3001 Pacific Ave,"Pacific Heights, San Francisco, CA"
"$4,195,000",,,"2,960 sqft",6 Mint Plz #900A,"SoMa, San Francisco, CA"
"$5,950,000",,,"8,661 sqft",2625 Scott St,"Pacific Heights, San Francisco, CA"
"$6,500,000",,,"1,807 sqft",3669 21st St,"Noe Valley, San Francisco, CA"
"$789,000",,,761 sqft,1839 Newhall St,"Silver Terrace, San Francisco, CA"
"$495,000",,,511 sqft,81 Ervine St,"Visitacion Valley, San Francisco, CA"
"$789,000",,,,555 4th St #737,"Mission Bay, San Francisco, CA"
"$3,995,000",,,,548 Rhode Island St,"Potrero Hill, San Francisco, CA"
"$639,000",,,,2999 California St #603,"Lower Pacific Heights, San Francisco, CA"
"$3,995,000",,,,1201 Powell St,"Nob Hill, San Francisco, CA"
"$3,950,000",,,,631 Ofarrell St #2101,"Tenderloin, San Francisco, CA"
"$3,250,000",,,,361 Upper Ter,"Ashbury Heights, San Francisco, CA"
"$1,100,000",,,,4079 Mission St,"Bernal Heights, San Francisco, CA"
"$798,000",,,,4451 Mission St #301,"Excelsior, San Francisco, CA"
"$4,380,000",,,,3 Russian Hill Pl,"Russian Hill, San Francisco, CA"
"$2,468,000",,,,322 28th St,"Noe Valley, San Francisco, CA"
"$2,590,000",,,,532 Natoma St,"SoMa, San Francisco, CA"
"$2,699,000",,,,2418 16th Ave,"Inner Parkside, San Francisco, CA"
"$760,700",,,,570 Innes Ave #204,"Hunters Point, San Francisco, CA"
"$2,595,000",,,,170 Pacific Ave #4,"Financial District, San Francisco, CA"
"$699,000",,,,1177 California St #630,"Downtown, San Francisco, CA"
"$879,000",,,,260 King St #915,"Mission Bay, San Francisco, CA"
"$4,250,000",,,,1736-1738 Bryant St,"Mission, San Francisco, CA"
"$1,680,000",,,,1571 Grove St,"Northern Park, San Francisco, CA"
"$775,000",,,,601 Van Ness Ave #501,"Civic Center, San Francisco, CA"
"$995,000",,,,2122 40th Ave,"Outer Sunset, San Francisco, CA"
"$1,399,000",,,,1512 Pacific Ave,"Nob Hill, San Francisco, CA"
"$899,000",,,,90 Megan Dr #2,"Bayview, San Francisco, CA"
"$1,050,000",,,,408 Holyoke St,"Portola, San Francisco, CA"
"$3,195,000",,,,2901 Pine St,"Lower Pacific Heights, San Francisco, CA"
"$1,564,000",,,,110 Channel St #606,"Mission Bay, San Francisco, CA"
"$1,625,000",,,,3036 Baker St,"Marina, San Francisco, CA"
"$3,995,000",,,,3036-3038 Baker St,"Marina, San Francisco, CA"
"$749,999",,,,101 Cleo Rand Ln,"Hunters Point, San Francisco, CA"
"$795,000",,,,114 Saint Marys Ave,"Bernal Heights, San Francisco, CA"
"$719,000",,,,210 Broderick St #2,"Panhandle, San Francisco, CA"
"$1,599,000",,,,24 Fair Ave,"Bernal Heights, San Francisco, CA"
"$1,350,000",,,,11 Leese St,"Bernal Heights, San Francisco, CA"
"$2,775,000",,,,425 1st St #2902,"South Beach, San Francisco, CA"
"$2,345,000",,,,1 Hawthorne St #24A,"South Beach, San Francisco, CA"
"$995,000",,,,401 Harrison St #8A,"South Beach, San Francisco, CA"
"$2,000,000",,,,349 S Van Ness Ave,"Mission, San Francisco, CA"
"$5,300,000",,,,2263-2269 Sacramento St,"Pacific Heights, San Francisco, CA"
"$1,995,000",,,,501 Beale St #12D,"South Beach, San Francisco, CA"
"$1,925,000",,,,309 29th Ave,"Central Richmond, San Francisco, CA"
"$1,880,800",,,,500 Rockdale Dr,"Miraloma, San Francisco, CA"
"$1,699,000",,,,1655 20th Ave,"Central Sunset, San Francisco, CA"
"$1,265,000",,,,111 Chestnut St #503,"Fisherman's Wharf, San Francisco, CA"
"$875,000",,,,101 Lombard St #23W,"Fisherman's Wharf, San Francisco, CA"
"$1,798,000",,,,1266 7th Ave,"Inner Sunset, San Francisco, CA"
"$2,550,000",,,,690 Market St #702,"Downtown, San Francisco, CA"
"$1,995,000",,,,1200 California St #21A,"Nob Hill, San Francisco, CA"
Contact For Estimate,,,,1815 Vallejo St,"Pacific Heights, San Francisco, CA"
"$1,499,999",,,,2738 Judah St,"Central Sunset, San Francisco, CA"
"$3,799,000",,,,305 San Carlos St,"Mission, San Francisco, CA"
"$2,995,000",,,,1333 Jones St #1501,"Nob Hill, San Francisco, CA"
"$975,000",,,,55 Richardson Ave,"Marina, San Francisco, CA"
"$649,000",,,,1177 California St #502,"Downtown, San Francisco, CA"
